1B_x,1B_y,2B_x,2B_y,3B_x,3B_y,BALL_x,BALL_y,B_x,B_y,CF_x,CF_y,C_x,C_y,LF_x,LF_y,P_x,P_y,R@1_x,R@1_y,R@2_x,R@2_y,R@3_x,R@3_y,RF_x,RF_y,SS_x,SS_y,time_elapsed_sec
64.002,95.01100000000001,,,-73.101,89.73,,,-2.736,-0.642,-11.362,316.78700000000003,-0.956,-6.189,-135.759,258.072,1.0590000000000002,59.676,,,,,,,140.335,260.382,-57.653999999999996,136.056,0.0
63.903999999999996,94.979,,,-73.134,89.633,,,-2.736,-0.642,-11.427,316.788,-0.956,-6.189,-135.727,258.105,1.0590000000000002,59.676,,,,,,,140.335,260.317,-57.68600000000001,136.024,0.03299999999999992
63.806999999999995,95.012,,,-73.133,89.56700000000001,,,-2.736,-0.642,-11.427,316.788,-0.9229999999999999,-6.157,-135.727,258.105,1.0590000000000002,59.676,,,,,,,140.368,260.284,-57.68600000000001,136.024,0.06699900000000047
63.708999999999996,95.045,,,-73.19800000000001,89.50200000000001,,,-2.736,-0.642,-11.427,316.788,-0.9229999999999999,-6.157,-135.661,258.105,1.0590000000000002,59.676,,,,,,,140.401,260.251,-57.68600000000001,135.959,0.10000000000000009
63.611000000000004,95.07799999999999,,,-73.19800000000001,89.43700000000001,,,-2.7030000000000003,-0.61,-11.427,316.788,-0.924,-6.0920000000000005,-135.661,258.105,1.0590000000000002,59.676,,,,,,,140.401,260.186,-57.68600000000001,135.959,0.1329990000000003
63.545,95.14299999999999,,,-73.19800000000001,89.37200000000001,,,-2.7030000000000003,-0.61,-11.395,316.82,-0.924,-6.0920000000000005,-135.629,258.137,1.0590000000000002,59.676,,,,,,,140.434,260.153,-57.718999999999994,135.92600000000002,0.16699900000000012
63.446999999999996,95.176,,,-73.23,89.34,,,-2.7030000000000003,-0.61,-11.395,316.82,-0.8909999999999999,-6.059,-135.596,258.10400000000004,1.0590000000000002,59.676,,,,,,,140.467,260.055,-57.718999999999994,135.92600000000002,0.20000000000000018
63.382,95.242,,,-73.19800000000001,89.307,,,-2.7030000000000003,-0.61,-11.395,316.82,-0.8909999999999999,-6.059,-135.596,258.10400000000004,1.0590000000000002,59.676,,,,,,,140.532,259.99,-57.751000000000005,135.894,0.23299899999999996
63.284,95.275,,,-73.197,89.242,,,-2.7030000000000003,-0.61,-11.362,316.853,-0.8590000000000001,-6.027,-135.531,258.10400000000004,1.0590000000000002,59.676,,,,,,,140.532,259.925,-57.718,135.861,0.2669999999999999
63.218999999999994,95.34,,,-73.197,89.242,,,-2.7030000000000003,-0.61,-11.329,316.82,-0.8590000000000001,-6.027,-135.498,258.07099999999997,1.0590000000000002,59.676,,,,,,,140.59799999999998,259.85900000000004,-57.718,135.861,0.2999999999999998
63.153,95.406,,,-73.197,89.177,,,-2.7030000000000003,-0.61,-11.329,316.82,-0.8260000000000001,-5.994,-135.466,258.039,1.0590000000000002,59.676,,,,,,,140.66299999999998,259.79400000000004,-57.718,135.861,0.3340000000000005
63.121,95.43799999999999,,,-73.164,89.14399999999999,,,-2.7030000000000003,-0.61,-11.264000000000001,316.82,-0.8260000000000001,-5.994,-135.466,258.039,1.0590000000000002,59.676,,,,,,,140.66299999999998,259.72900000000004,-57.751000000000005,135.829,0.3669990000000003
63.088,95.471,,,-73.132,89.111,,,-2.7030000000000003,-0.61,-11.264000000000001,316.82,-0.8260000000000001,-5.994,-135.433,258.006,1.0590000000000002,59.676,,,,,,,140.696,259.69599999999997,-57.751000000000005,135.829,0.3999999999999999
63.055,95.50399999999999,,,-73.132,89.111,,,-2.7030000000000003,-0.61,-11.232000000000001,316.85200000000003,-0.794,-5.962000000000001,-135.368,257.94,1.0590000000000002,59.676,,,,,,,140.72899999999998,259.598,-57.751000000000005,135.829,0.43400000000000016
63.022,95.536,,,-73.132,89.046,,,-2.7030000000000003,-0.61,-11.199000000000002,316.819,-0.794,-5.962000000000001,-135.335,257.908,1.0590000000000002,59.676,,,,,,,140.762,259.565,-57.718,135.796,0.4670000000000001
62.99,95.569,,,-73.09899999999999,89.01299999999999,,,-2.7030000000000003,-0.61,-11.199000000000002,316.819,-0.794,-5.962000000000001,-135.30200000000002,257.875,1.0590000000000002,59.676,,,,,,,140.79399999999998,259.533,-57.68600000000001,135.828,0.5
62.99,95.569,,,-73.066,88.98,,,-2.7030000000000003,-0.61,-11.199000000000002,316.819,-0.794,-5.962000000000001,-135.269,257.842,1.0590000000000002,59.676,,,,,,,140.827,259.5,-57.68600000000001,135.828,0.5340000000000003
62.99,95.569,,,-73.033,88.948,,,-2.7030000000000003,-0.61,-11.165999999999999,316.78700000000003,-0.794,-5.962000000000001,-135.204,257.777,1.0590000000000002,59.676,,,,,,,140.795,259.467,-57.68600000000001,135.828,0.5669990000000005
63.022,95.602,,,-72.936,88.915,,,-2.7030000000000003,-0.61,-11.165999999999999,316.78700000000003,-0.8260000000000001,-5.994,-135.171,257.744,1.0590000000000002,59.676,,,,,,,140.827,259.435,-57.653,135.861,0.6000000000000001
63.022,95.602,,,-72.903,88.882,,,-2.7030000000000003,-0.61,-11.165999999999999,316.78700000000003,-0.8260000000000001,-5.994,-135.106,257.67900000000003,1.0590000000000002,59.676,,,,,,,140.827,259.435,-57.653,135.861,0.6339999999999999
63.055,95.569,,,-72.87,88.84899999999999,,,-2.7030000000000003,-0.61,-11.165999999999999,316.78700000000003,-0.8260000000000001,-5.994,-135.07299999999998,257.64599999999996,1.0590000000000002,59.676,,,,,,,140.827,259.435,-57.621,135.893,0.6669990000000001
63.055,95.569,,,-72.805,88.78399999999999,,,-2.7030000000000003,-0.61,-11.165999999999999,316.78700000000003,-0.8590000000000001,-6.027,-135.00799999999998,257.58099999999996,1.0590000000000002,59.676,,,,,,,140.86,259.402,-57.653,135.92600000000002,0.7010000000000001
63.088,95.536,,,-72.77199999999999,88.751,,,-2.7030000000000003,-0.61,-11.165999999999999,316.78700000000003,-0.8590000000000001,-6.027,-134.942,257.515,1.0590000000000002,59.676,,,,,,,140.86,259.402,-57.621,135.958,0.734
63.153,95.536,,,-72.707,88.686,,,-2.7030000000000003,-0.61,-11.165999999999999,316.78700000000003,-0.8909999999999999,-6.059,-134.942,257.45,1.0590000000000002,59.676,,,,,,,140.827,259.435,-57.621,135.958,0.7670000000000003
63.153,95.536,,,-72.67399999999999,88.65299999999999,,,-2.7030000000000003,-0.61,-11.165999999999999,316.78700000000003,-0.8909999999999999,-6.059,-134.877,257.385,1.0590000000000002,59.676,,,,,,,140.827,259.435,-57.588,135.991,0.8010000000000002
63.18600000000001,95.50299999999999,,,-72.608,88.588,,,-2.7030000000000003,-0.61,-11.165999999999999,316.78700000000003,-0.924,-6.0920000000000005,-134.811,257.319,1.0590000000000002,59.676,,,,,,,140.827,259.435,-57.588,135.991,0.8340000000000001
63.218,95.471,,,-72.543,88.522,,,-2.7030000000000003,-0.61,-11.165999999999999,316.78700000000003,-0.924,-6.0920000000000005,-134.746,257.254,1.0590000000000002,59.676,,,,,,,140.86,259.467,-57.556000000000004,136.023,0.8669990000000003
63.218,95.471,,,-72.47800000000001,88.45700000000001,,,-2.7030000000000003,-0.61,-11.165999999999999,316.78700000000003,-0.924,-6.0920000000000005,-134.713,257.221,1.0590000000000002,59.676,,,,,,,140.827,259.5,-57.523,136.056,0.9010000000000002
63.251000000000005,95.43799999999999,,,-72.445,88.42399999999999,,,-2.7030000000000003,-0.61,-11.199000000000002,316.754,-0.956,-6.124,-134.68,257.123,1.0590000000000002,59.676,,,,,,,140.827,259.5,-57.523,136.056,0.9340000000000002
63.284,95.405,,,-72.37899999999999,88.359,,,-2.7030000000000003,-0.61,-11.199000000000002,316.754,-0.9229999999999999,-6.157,-134.615,257.058,1.0590000000000002,59.676,,,,,,,140.827,259.5,-57.49100000000001,136.088,0.9670000000000001
63.284,95.405,,,-72.346,88.26100000000001,,,-2.7030000000000003,-0.61,-11.199000000000002,316.754,-0.9229999999999999,-6.157,-134.549,256.992,1.0590000000000002,59.676,,,,,,,140.79399999999998,259.533,-57.523999999999994,136.121,1.0010000000000003
63.284,95.405,,,-72.314,88.228,,,-2.7030000000000003,-0.61,-11.199000000000002,316.754,-0.9229999999999999,-6.157,-134.517,256.96,1.0590000000000002,59.676,,,,,,,140.79399999999998,259.533,-57.523999999999994,136.121,1.034
63.316,95.37200000000001,,,-72.281,88.13,,,-2.7030000000000003,-0.61,-11.199000000000002,316.754,-0.9229999999999999,-6.157,-134.484,256.862,1.0590000000000002,59.676,,,,,,,140.79399999999998,259.533,-57.49100000000001,136.154,1.0679990000000004
63.316,95.37200000000001,,,-72.248,88.098,,,-2.7030000000000003,-0.61,-11.199000000000002,316.754,-0.9229999999999999,-6.157,-134.451,256.829,1.0590000000000002,59.676,,,,,,,140.762,259.565,-57.49100000000001,136.154,1.1010000000000002
63.316,95.37200000000001,,,-72.215,88.0,,,-2.7030000000000003,-0.61,-11.199000000000002,316.754,-0.9229999999999999,-6.157,-134.418,256.731,1.0590000000000002,59.676,,,,,,,140.762,259.565,-57.458999999999996,136.186,1.1340000000000001
63.316,95.37200000000001,,,-72.182,87.96700000000001,,,-2.7030000000000003,-0.61,-11.231,316.78700000000003,-0.8909999999999999,-6.19,-134.385,256.698,1.0590000000000002,59.676,,,,,,,140.762,259.565,-57.426,136.153,1.1680000000000001
63.316,95.37200000000001,,,-72.15,87.869,,,-2.7030000000000003,-0.61,-11.231,316.78700000000003,-0.858,-6.157,-134.32,256.633,1.0590000000000002,59.676,,,,,,,140.762,259.565,-57.426,136.153,1.2010000000000003
63.284,95.34,,,-72.149,87.804,,,-2.67,-0.642,-11.231,316.78700000000003,-0.858,-6.157,-134.32,256.568,1.0590000000000002,59.676,,,,,,,140.72899999999998,259.598,-57.426,136.153,1.2340000000000002
63.284,95.34,,,-72.149,87.73899999999999,,,-2.67,-0.642,-11.231,316.78700000000003,-0.858,-6.157,-134.287,256.535,1.0590000000000002,59.676,,,,,,,140.72899999999998,259.598,-57.393,136.186,1.2679990000000003
63.284,95.34,,,-72.149,87.67299999999999,,,-2.67,-0.642,-11.231,316.78700000000003,-0.8260000000000001,-6.125,-134.287,256.47,1.0590000000000002,59.676,,,,,,,140.72899999999998,259.598,-57.393,136.186,1.3010000000000002
63.251000000000005,95.37299999999999,,,-72.149,87.60799999999999,,,-2.67,-0.642,-11.231,316.78700000000003,-0.8260000000000001,-6.125,-134.254,256.437,1.0590000000000002,59.676,,,,,,,140.72899999999998,259.598,-57.393,136.186,1.3350000000000002
63.251000000000005,95.37299999999999,,,-72.116,87.57600000000001,,,-2.67,-0.642,-11.231,316.78700000000003,-0.7929999999999999,-6.0920000000000005,-134.221,256.405,1.0590000000000002,59.676,,,,,,,140.72899999999998,259.598,-57.393,136.186,1.3679990000000002
63.218999999999994,95.34,,,-72.116,87.51,,,-2.67,-0.642,-11.231,316.78700000000003,-0.76,-6.125,-134.189,256.372,1.0590000000000002,59.676,,,,,,,140.72899999999998,259.598,-57.393,136.186,1.401
63.218999999999994,95.34,,,-72.115,87.445,,,-2.67,-0.642,-11.231,316.78700000000003,-0.728,-6.0920000000000005,-134.221,256.339,1.091,59.708,,,,,,,140.72899999999998,259.598,-57.393,136.186,1.435
63.218999999999994,95.34,,,-72.115,87.38,,,-2.67,-0.642,-11.231,316.78700000000003,-0.728,-6.0920000000000005,-134.188,256.307,1.091,59.708,,,,,,,140.72899999999998,259.598,-57.361000000000004,136.218,1.4680000000000002
63.18600000000001,95.37299999999999,,,-72.14699999999999,87.28200000000001,,,-2.67,-0.642,-11.231,316.78700000000003,-0.7609999999999999,-6.06,-134.188,256.307,1.091,59.708,,,,,,,140.72899999999998,259.533,-57.361000000000004,136.218,1.5010000000000003
63.18600000000001,95.37299999999999,,,-72.18,87.25,,,-2.67,-0.642,-11.231,316.78700000000003,-0.728,-6.027,-134.188,256.307,1.091,59.708,,,,,,,140.72899999999998,259.533,-57.361000000000004,136.218,1.535
63.18600000000001,95.37299999999999,,,-72.18,87.185,,,-2.67,-0.642,-11.231,316.78700000000003,-0.728,-6.027,-134.156,256.274,1.091,59.708,,,,,,,140.72899999999998,259.533,-57.361000000000004,136.218,1.5679990000000001
63.18600000000001,95.37299999999999,,,-72.179,87.119,,,-2.67,-0.642,-11.231,316.78700000000003,-0.728,-6.027,-134.156,256.274,1.091,59.708,,,,,,,140.72899999999998,259.533,-57.328,136.186,1.6010000000000002
63.18600000000001,95.37299999999999,,,-72.212,87.087,,,-2.67,-0.642,-11.231,316.78700000000003,-0.728,-6.027,-134.123,256.306,1.091,59.708,,,,,,,140.72899999999998,259.533,-57.361000000000004,136.153,1.635
63.18600000000001,95.37299999999999,,,-72.212,87.022,,,-2.67,-0.642,-11.231,316.78700000000003,-0.728,-6.027,-134.123,256.306,1.0590000000000002,59.74100000000001,,,,,,,140.72899999999998,259.533,-57.393,136.186,1.6680000000000001
63.153999999999996,95.34,,,-72.244,86.98899999999999,,,-2.67,-0.642,-11.231,316.78700000000003,-0.7609999999999999,-5.995,-134.123,256.306,1.0590000000000002,59.74100000000001,,,,,,,140.72899999999998,259.533,-57.393,136.186,1.7020000000000002
63.153999999999996,95.34,,,-72.277,86.95700000000001,,,-2.67,-0.642,-11.231,316.78700000000003,-0.7929999999999999,-6.027,-134.123,256.306,1.0590000000000002,59.74100000000001,,,,,,,140.72899999999998,259.533,-57.393,136.186,1.735
63.153999999999996,95.34,,,-72.244,86.92399999999999,,,-2.67,-0.642,-11.231,316.78700000000003,-0.7929999999999999,-6.027,-134.123,256.306,1.026,59.773,,,,,,,140.72899999999998,259.533,-57.393,136.186,1.767999
63.18600000000001,95.37299999999999,,,-72.27600000000001,86.89200000000001,,,-2.67,-0.642,-11.231,316.78700000000003,-0.7929999999999999,-6.027,-134.123,256.372,1.026,59.773,,,,,,,140.762,259.565,-57.361000000000004,136.153,1.8020000000000003
63.18600000000001,95.37299999999999,,,-72.309,86.859,,,-2.67,-0.642,-11.231,316.78700000000003,-0.7929999999999999,-6.027,-134.123,256.372,1.026,59.839,,,,,,,140.762,259.565,-57.361000000000004,136.153,1.8350000000000002
63.18600000000001,95.37299999999999,,,-72.309,86.794,,,-2.67,-0.642,-11.231,316.78700000000003,-0.8590000000000001,-6.027,-134.123,256.372,1.026,59.839,,,,,,,140.762,259.565,-57.393,136.121,1.8679990000000002
63.153,95.406,,,-72.309,86.794,,,-2.67,-0.642,-11.231,316.78700000000003,-0.8590000000000001,-6.027,-134.123,256.372,0.993,59.871,,,,,,,140.79399999999998,259.533,-57.393,136.121,1.9020000000000001
63.153,95.406,,,-72.34100000000001,86.762,,,-2.67,-0.642,-11.231,316.78700000000003,-0.8590000000000001,-6.027,-134.091,256.404,0.993,59.871,,,,,,,140.79399999999998,259.533,-57.393,136.121,1.935
63.153,95.406,,,-72.34100000000001,86.762,,,-2.67,-0.642,-11.231,316.78700000000003,-0.8590000000000001,-6.027,-134.091,256.404,0.96,59.903999999999996,,,,,,,140.79399999999998,259.533,-57.393,136.121,1.9680000000000002
63.153,95.406,,,-72.374,86.729,,,-2.67,-0.642,-11.231,316.78700000000003,-0.8909999999999999,-6.059,-134.091,256.404,0.927,59.937,,,,,,,140.79399999999998,259.533,-57.393,136.055,2.0020000000000002
63.153,95.406,,,-72.374,86.729,,,-2.67,-0.642,-11.231,316.78700000000003,-0.8909999999999999,-6.059,-134.124,256.437,0.927,59.937,,,,,,,140.79399999999998,259.533,-57.393,136.055,2.035
63.153,95.406,,,-72.374,86.729,,,-2.67,-0.642,-11.231,316.78700000000003,-0.8909999999999999,-6.059,-134.124,256.437,0.895,59.968999999999994,,,,,,,140.79399999999998,259.533,-57.36,136.023,2.069
63.153,95.406,,,-72.374,86.729,,,-2.638,-0.61,-11.231,316.78700000000003,-0.8909999999999999,-6.059,-134.091,256.469,0.927,60.001999999999995,,,,,,,140.79399999999998,259.533,-57.393,135.99,2.1020000000000003
63.153,95.406,,,-72.374,86.729,,,-2.638,-0.61,-11.231,316.78700000000003,-0.8909999999999999,-6.059,-134.091,256.469,0.895,60.035,,,,,,,140.79399999999998,259.533,-57.36,135.957,2.1350000000000002
63.153,95.406,,,-72.308,86.729,,,-2.638,-0.61,-11.231,316.78700000000003,-0.8909999999999999,-6.059,-134.091,256.469,0.895,60.035,,,,,,,140.79399999999998,259.533,-57.393,135.925,2.169
63.153,95.406,,,-72.308,86.729,,,-2.638,-0.61,-11.231,316.78700000000003,-0.8909999999999999,-6.059,-134.091,256.469,0.862,60.001999999999995,,,,,,,140.79399999999998,259.533,-57.36,135.892,2.202
63.153,95.406,,,-72.27600000000001,86.76100000000001,,,-2.638,-0.61,-11.231,316.78700000000003,-0.8909999999999999,-6.059,-134.059,256.502,0.862,60.001999999999995,,,,,,,140.79399999999998,259.533,-57.36,135.827,2.2350000000000003
63.121,95.37299999999999,,,-72.243,86.794,,,-2.638,-0.61,-11.231,316.78700000000003,-0.8909999999999999,-6.059,-134.026,256.469,0.862,60.001999999999995,,,,,,,140.79399999999998,259.533,-57.358999999999995,135.762,2.269
63.121,95.37299999999999,,,-72.211,86.82600000000001,,,-2.638,-0.61,-11.231,316.78700000000003,-0.8590000000000001,-6.027,-134.026,256.469,0.8300000000000001,59.97,,,,,,,140.79399999999998,259.533,-57.327,135.72899999999998,2.302
63.121,95.37299999999999,,,-72.146,86.82600000000001,,,-2.638,-0.61,-11.264000000000001,316.754,-0.8590000000000001,-6.027,-134.026,256.469,0.797,59.937,,,,,,,140.79399999999998,259.533,-57.326,135.664,2.3360000000000003
63.121,95.37299999999999,,,-72.113,86.85799999999999,,,-2.67,-0.642,-11.264000000000001,316.754,-0.8590000000000001,-6.027,-133.993,256.436,0.797,59.872,,,,,,,140.762,259.5,-57.326,135.599,2.369
63.121,95.37299999999999,,,-72.081,86.891,,,-2.67,-0.642,-11.264000000000001,316.754,-0.8260000000000001,-6.06,-133.928,256.436,0.7979999999999999,59.806999999999995,,,,,,,140.795,259.467,-57.326,135.534,2.402
63.088,95.34100000000001,,,-71.983,86.92299999999999,,,-2.67,-0.642,-11.264000000000001,316.754,-0.8260000000000001,-6.06,-133.928,256.436,0.7979999999999999,59.742,,,,,,,140.795,259.467,-57.326,135.468,2.436
63.088,95.34100000000001,,,-71.95100000000001,86.956,,,-2.638,-0.675,-11.264000000000001,316.754,-0.7929999999999999,-6.027,-133.895,256.403,0.7979999999999999,59.611000000000004,,,,,,,140.762,259.435,-57.293,135.371,2.4690000000000003
63.088,95.34100000000001,,,-71.918,86.988,,,-2.67,-0.708,-11.264000000000001,316.754,-0.7929999999999999,-6.027,-133.863,256.371,0.7659999999999999,59.513999999999996,,,,,,,140.762,259.435,-57.26,135.338,2.5020000000000002
63.056000000000004,95.37299999999999,,,-71.85300000000001,86.988,,,-2.637,-0.74,-11.264000000000001,316.754,-0.7929999999999999,-6.027,-133.797,256.305,0.7659999999999999,59.383,,,,,,,140.73,259.403,-57.26,135.273,2.536
63.023,95.34100000000001,,,-71.821,87.02,,,-2.637,-0.74,-11.264000000000001,316.754,-0.7929999999999999,-6.027,-133.797,256.24,0.767,59.188,,,,,,,140.73,259.403,-57.26,135.207,2.569
63.023,95.34100000000001,,,-71.788,87.053,,,-2.67,-0.773,-11.296,316.722,-0.7929999999999999,-6.027,-133.764,256.207,0.768,59.056999999999995,,,,,,,140.73,259.403,-57.227,135.175,2.6020000000000003
62.99100000000001,95.30799999999999,,,-71.723,87.053,,,-2.637,-0.805,-11.296,316.722,-0.7929999999999999,-6.027,-133.69899999999998,256.142,0.768,58.861999999999995,,,,,,,140.697,259.37,-57.227,135.11,2.636
62.99100000000001,95.30799999999999,,,-71.69,87.085,,,-2.67,-0.838,-11.296,316.722,-0.7929999999999999,-6.027,-133.666,256.10900000000004,0.736,58.699,,,,,,,140.697,259.37,-57.193999999999996,135.077,2.669
62.99100000000001,95.30799999999999,,,-71.658,87.118,,,-2.637,-0.871,-11.296,316.722,-0.7609999999999999,-6.06,-133.63299999999998,256.01099999999997,0.737,58.503,,,,,,,140.697,259.37,-57.193999999999996,135.012,2.7030000000000003
62.958,95.27600000000001,,,-71.658,87.118,,,-2.637,-0.871,-11.296,316.722,-0.7609999999999999,-6.06,-133.56799999999998,255.946,0.738,58.308,,,,,,,140.697,259.305,-57.161,134.97899999999998,2.736
62.958,95.27600000000001,,,-71.593,87.117,,,-2.637,-0.9359999999999999,-11.296,316.722,-0.7609999999999999,-6.06,-133.56799999999998,255.88099999999997,0.706,58.08,,,,,,,140.697,259.305,-57.128,134.946,2.769
62.925,95.309,,,-71.593,87.117,,,-2.637,-0.9359999999999999,-11.296,316.722,-0.7609999999999999,-6.06,-133.502,255.815,0.7070000000000001,57.88399999999999,,,,,,,140.697,259.305,-57.063,134.946,2.803
62.893,95.27600000000001,,,-71.593,87.117,,,-2.637,-0.9359999999999999,-11.296,316.722,-0.7609999999999999,-6.06,-133.469,255.717,0.7070000000000001,57.68899999999999,,,,,,,140.697,259.305,-57.03,134.91299999999998,2.8360000000000003
62.893,95.27600000000001,,,-71.593,87.117,,,-2.637,-0.9359999999999999,-11.296,316.722,-0.7609999999999999,-6.06,-133.436,255.685,0.708,57.493,,,,,,,140.697,259.305,-56.965,134.91299999999998,2.869
62.926,95.243,,,-71.593,87.117,,,-2.637,-0.9359999999999999,-11.296,316.722,-0.7609999999999999,-6.06,-133.371,255.61900000000003,0.7090000000000001,57.297,,,,,,,140.665,259.272,-56.933,134.88,2.903
62.893,95.211,,,-71.56,87.085,,,-2.6689999999999996,-0.903,-11.296,316.722,-0.7609999999999999,-6.06,-133.371,255.554,0.677,57.135,,,,,,,140.665,259.272,-56.867,134.88,2.936
62.893,95.211,,,-71.56,87.085,,,-2.6689999999999996,-0.903,-11.296,316.722,-0.7609999999999999,-6.06,-133.338,255.521,0.677,56.93899999999999,,,,,,,140.632,259.305,-56.835,134.91299999999998,2.9690000000000003
62.893,95.211,,,-71.56,87.085,,,-2.67,-0.838,-11.296,316.722,-0.7929999999999999,-6.027,-133.273,255.456,0.645,56.776,,,,,,,140.632,259.305,-56.77,134.912,3.003
62.893,95.211,,,-71.56,87.085,,,-2.702,-0.805,-11.296,316.722,-0.7929999999999999,-6.027,-133.24,255.423,0.613,56.613,,,,,,,140.632,259.305,-56.70399999999999,134.912,3.036
62.893,95.211,,,-71.593,87.052,,,-2.7030000000000003,-0.74,-11.296,316.722,-0.7929999999999999,-6.027,-133.175,255.423,0.614,56.483000000000004,,,,,,,140.632,259.305,-56.638999999999996,134.912,3.0700000000000003
62.893,95.211,,,-71.593,87.052,,,-2.736,-0.642,-11.296,316.722,-0.7929999999999999,-6.027,-133.175,255.423,0.5489999999999999,56.353,,,,,,,140.632,259.305,-56.574,134.912,3.103
62.893,95.211,,,-71.56,87.01899999999999,,,-2.736,-0.5770000000000001,-11.296,316.722,-0.7929999999999999,-6.027,-133.142,255.39,0.55,56.222,,,,,,,140.632,259.305,-56.50899999999999,134.911,3.136
62.926,95.178,,,-71.592,86.98700000000001,,,-2.7689999999999997,-0.479,-11.296,316.722,-0.7929999999999999,-6.027,-133.077,255.39,0.517,56.125,,,,,,,140.632,259.305,-56.443999999999996,134.911,3.17
62.926,95.178,,,-71.592,86.98700000000001,,,-2.7689999999999997,-0.414,-11.296,316.722,-0.7929999999999999,-6.027,-133.04399999999998,255.423,0.518,55.994,,,,,,,140.632,259.305,-56.443999999999996,134.911,3.2030000000000003
62.893,95.211,,,-71.592,86.98700000000001,,,-2.802,-0.316,-11.296,316.722,-0.7609999999999999,-5.995,-133.04399999999998,255.423,0.486,55.897,,,,,,,140.632,259.305,-56.379,134.911,3.236
,,,,,,0.12075827381403399,62.794302383301705,,,,,,,,,,,,,,,,,,,,,3.2430000000000003
62.926,95.243,,,-71.592,86.98700000000001,,,-2.835,-0.218,-11.296,316.722,-0.7609999999999999,-5.995,-132.97899999999998,255.422,0.45299999999999996,55.799,,,,,,,140.665,259.272,-56.346000000000004,134.878,3.27
62.926,95.243,,,-71.592,86.92200000000001,,,-2.8680000000000003,-0.12,-11.296,316.722,-0.7609999999999999,-5.995,-132.947,255.455,0.486,55.701,,,,,,,140.665,259.272,-56.313,134.846,3.303
62.926,95.243,,,-71.592,86.92200000000001,,,-2.9010000000000002,-0.022000000000000002,-11.296,316.722,-0.794,-5.962000000000001,-132.947,255.455,0.45399999999999996,55.603,,,,,,,140.665,259.272,-56.28,134.813,3.337
62.926,95.243,,,-71.592,86.92200000000001,,,-2.9010000000000002,0.043,-11.264000000000001,316.689,-0.7609999999999999,-5.928999999999999,-132.914,255.487,0.48700000000000004,55.506,,,,,,,140.63299999999998,259.24,-56.28,134.748,3.37
62.925,95.309,,,-71.559,86.889,,,-2.9339999999999997,0.141,-11.264000000000001,316.689,-0.7609999999999999,-5.928999999999999,-132.882,255.52,0.48700000000000004,55.44,,,,,,,140.63299999999998,259.24,-56.28,134.748,3.403
62.925,95.309,,,-71.592,86.85700000000001,,,-2.9989999999999997,0.206,-11.264000000000001,316.689,-0.7290000000000001,-5.897,-132.882,255.52,0.52,55.342,,,,,,,140.63299999999998,259.24,-56.28,134.683,3.4370000000000003
,,,,,,-1.086824464326383,8.453079166982922,,,,,,,,,,,,,,,,,,,,,3.443
62.893,95.34100000000001,,,-71.592,86.85700000000001,,,-3.0,0.271,-11.264000000000001,316.689,-0.7290000000000001,-5.897,-132.882,255.585,0.5529999999999999,55.245,,,,,,,140.63299999999998,259.24,-56.28,134.61700000000002,3.469999
62.925,95.374,,,-71.559,86.824,,,-3.0,0.337,-11.264000000000001,316.689,-0.7290000000000001,-5.897,-132.882,255.585,0.6509999999999999,55.146,,,,,,,140.63299999999998,259.24,-56.278999999999996,134.55200000000002,3.503
62.925,95.374,,,-71.592,86.791,,,-3.0,0.402,-11.231,316.722,-0.6960000000000001,-5.864,-132.882,255.585,0.684,55.049,,,,,,,140.63299999999998,259.24,-56.278999999999996,134.487,3.537
62.925,95.374,,,-71.592,86.791,,,-3.033,0.435,-11.231,316.722,-0.6960000000000001,-5.864,-132.85,255.61700000000002,0.782,54.95,,,,,,,140.6,259.27299999999997,-56.31100000000001,134.389,3.5700000000000003
62.925,95.374,,,-71.559,86.759,,,-3.033,0.5,-11.231,316.722,-0.6960000000000001,-5.7989999999999995,-132.882,255.65,0.88,54.852,,,,,,,140.6,259.27299999999997,-56.31100000000001,134.32399999999998,3.603
62.925,95.374,,,-71.59100000000001,86.726,,,-3.033,0.5650000000000001,-11.231,316.722,-0.6960000000000001,-5.7989999999999995,-132.882,255.65,0.9790000000000001,54.754,,,,,,,140.6,259.27299999999997,-56.31100000000001,134.259,3.637
62.893,95.34100000000001,,,-71.559,86.694,,,-3.033,0.5650000000000001,-11.198,316.689,-0.664,-5.767,-132.882,255.65,1.077,54.656000000000006,,,,,,,140.6,259.27299999999997,-56.278,134.226,3.67
62.925,95.309,,,-71.559,86.694,,,-3.0010000000000003,0.597,-11.165999999999999,316.722,-0.664,-5.767,-132.85,255.683,1.175,54.558,,,,,,,140.567,259.305,-56.278,134.161,3.704
62.926,95.243,,,-71.52600000000001,86.661,,,-3.0010000000000003,0.6629999999999999,-11.165999999999999,316.722,-0.664,-5.767,-132.85,255.683,1.306,54.427,,,,,,,140.535,259.27299999999997,-56.245,134.128,3.737
62.958999999999996,95.146,,,-71.558,86.62799999999999,,,-2.969,0.6950000000000001,-11.165999999999999,316.722,-0.664,-5.767,-132.85,255.748,1.436,54.361000000000004,,,,,,,140.502,259.306,-56.147,134.095,3.77
62.992,95.04799999999999,,,-71.52600000000001,86.596,,,-2.904,0.76,-11.165999999999999,316.722,-0.664,-5.767,-132.785,255.748,1.6,54.263000000000005,,,,,,,140.502,259.306,-56.05,134.062,3.8040000000000003
63.025,94.95,,,-71.52600000000001,86.596,,,-2.839,0.8250000000000001,-11.199000000000002,316.754,-0.664,-5.767,-132.752,255.78,1.73,54.132,,,,,,,140.469,259.33799999999997,-55.919,134.062,3.837
63.058,94.787,,,-71.493,86.56299999999999,,,-2.741,0.857,-11.231,316.722,-0.6960000000000001,-5.7989999999999995,-132.72,255.813,1.861,54.067,,,,,,,140.404,259.33799999999997,-55.756,134.029,3.87
63.123999999999995,94.59100000000001,,,-71.493,86.56299999999999,,,-2.676,0.922,-11.231,316.722,-0.6960000000000001,-5.7989999999999995,-132.622,255.845,2.024,53.968,,,,,,,140.404,259.33799999999997,-55.593,134.061,3.904
63.157,94.363,,,-71.428,86.56299999999999,,,-2.579,1.02,-11.264000000000001,316.689,-0.7290000000000001,-5.832000000000001,-132.525,255.877,2.188,53.87,,,,,,,140.339,259.339,-55.333,134.06,3.9370000000000003
63.223,94.167,,,-71.428,86.56299999999999,,,-2.448,1.084,-11.296,316.657,-0.7609999999999999,-5.864,-132.42700000000002,255.90900000000002,2.286,53.772,,,,,,,140.306,259.306,-55.104,134.092,3.971
63.288999999999994,93.906,,,-71.363,86.56200000000001,,,-2.318,1.214,-11.360999999999999,316.657,-0.794,-5.897,-132.297,255.97400000000002,2.449,53.673,,,,,,,140.274,259.274,-54.81100000000001,134.123,4.004
63.323,93.61200000000001,,,-71.33,86.595,,,-2.123,1.344,-11.425999999999998,316.592,-0.892,-5.928999999999999,-132.134,256.006,2.58,53.608000000000004,,,,,,,140.241,259.241,-54.486000000000004,134.187,4.037
63.356,93.319,,,-71.265,86.595,,,-1.961,1.4409999999999998,-11.491,316.527,-0.924,-5.961,-131.971,256.103,2.71,53.542,,,,,,,140.17600000000002,259.176,-54.16,134.251,4.071
63.423,92.993,,,-71.2,86.594,,,-1.766,1.636,-11.589,316.43,-0.9890000000000001,-6.026,-131.743,256.135,2.8080000000000003,53.443999999999996,,,,,,,140.144,259.144,-53.769,134.315,4.104
63.522,92.634,,,-71.167,86.62700000000001,,,-1.538,1.798,-11.686,316.397,-1.087,-6.059,-131.548,256.199,2.9389999999999996,53.378,,,,,,,140.112,259.046,-53.378,134.379,4.1370000000000005
63.556000000000004,92.275,,,-71.07,86.65899999999999,,,-1.311,1.96,-11.815999999999999,316.268,-1.1840000000000002,-6.091,-131.287,256.264,3.037,53.28,,,,,,,140.047,258.916,-52.95399999999999,134.41,4.171
63.622,91.884,,,-71.00399999999999,86.65899999999999,,,-1.051,2.155,-11.946,316.138,-1.249,-6.156000000000001,-131.02700000000002,256.328,3.135,53.181999999999995,,,,,,,140.015,258.818,-52.531000000000006,134.506,4.204
63.656000000000006,91.46,,,-70.907,86.691,,,-0.725,2.349,-12.075999999999999,316.008,-1.347,-6.188,-130.734,256.36,3.201,53.117,,,,,,,139.95,258.688,-52.075,134.57,4.237
63.69,91.036,,,-70.809,86.723,,,-0.433,2.576,-12.238,315.845,-1.412,-6.188,-130.44,256.39099999999996,3.299,53.018,,,,,,,139.918,258.525,-51.619,134.69799999999998,4.271
63.724,90.61200000000001,,,-70.744,86.788,,,-0.075,2.803,-12.401,315.683,-1.51,-6.22,-130.14700000000002,256.423,3.364,52.953,,,,,,,139.85399999999998,258.33,-51.163000000000004,134.762,4.304
63.75899999999999,90.18799999999999,,,-70.679,86.788,,,0.25,3.063,-12.530999999999999,315.488,-1.608,-6.187,-129.821,256.421,3.4619999999999997,52.855,,,,,,,139.789,258.135,-50.74,134.858,4.337999
63.76,89.73200000000001,,,-70.581,86.82,,,0.608,3.29,-12.725,315.293,-1.673,-6.187,-129.495,256.42,3.495,52.757,,,,,,,139.757,257.907,-50.284,134.922,4.371
63.762,89.27600000000001,,,-70.484,86.853,,,0.998,3.549,-12.888,315.065,-1.7380000000000002,-6.187,-129.137,256.452,3.5610000000000004,52.692,,,,,,,139.69299999999998,257.64599999999996,-49.893,134.986,4.404
63.79600000000001,88.787,,,-70.38600000000001,86.885,,,1.3880000000000001,3.8739999999999997,-13.082,314.805,-1.8030000000000002,-6.121,-128.811,256.45,3.594,52.593999999999994,,,,,,,139.596,257.418,-49.501999999999995,135.05,4.438000000000001
63.765,88.29799999999999,,,-70.288,86.852,,,1.778,4.133,-13.277000000000001,314.545,-1.836,-6.0889999999999995,-128.485,256.384,3.627,52.496,,,,,,,139.564,257.125,-49.111000000000004,135.113,4.471
63.766999999999996,87.84200000000001,,,-70.223,86.852,,,2.201,4.425,-13.472000000000001,314.285,-1.869,-5.9910000000000005,-128.126,256.35,3.66,52.398,,,,,,,139.468,256.832,-48.785,135.17700000000002,4.504
63.769,87.32,,,-70.125,86.884,,,2.656,4.749,-13.665999999999999,314.025,-1.869,-5.925,-127.76700000000001,256.316,3.66,52.268,,,,,,,139.404,256.506,-48.458999999999996,135.241,4.538
63.738,86.831,,,-70.06,86.884,,,3.0780000000000003,5.041,-13.860999999999999,313.7,-1.837,-5.827999999999999,-127.40899999999999,256.217,3.693,52.17,,,,,,,139.30700000000002,256.21299999999997,-48.166000000000004,135.273,4.571
63.707,86.34299999999999,,,-69.995,86.884,,,3.534,5.365,-14.055,313.375,-1.838,-5.697,-127.08200000000001,256.151,3.693,52.038999999999994,,,,,,,139.243,255.888,-47.906000000000006,135.33700000000002,4.604
63.676,85.789,,,-69.962,86.851,,,3.9560000000000004,5.722,-14.217,313.082,-1.773,-5.567,-126.756,256.019,3.7260000000000004,51.941,,,,,,,139.14600000000002,255.52900000000002,-47.678000000000004,135.369,4.638
63.646,85.3,,,-69.86399999999999,86.818,,,4.4110000000000005,6.047000000000001,-14.379000000000001,312.724,-1.6760000000000002,-5.405,-126.43,255.888,3.76,51.778,,,,,,,139.115,255.171,-47.45,135.401,4.671
63.582,84.77799999999999,,,-69.832,86.785,,,4.8660000000000005,6.371,-14.573,312.399,-1.5779999999999998,-5.242000000000001,-126.103,255.75599999999997,3.76,51.648,,,,,,,139.019,254.813,-47.287,135.433,4.705
63.583999999999996,84.257,,,-69.79899999999999,86.75200000000001,,,5.289,6.728,-14.735,312.041,-1.481,-5.079,-125.777,255.625,3.793,51.55,,,,,,,138.922,254.455,-47.156000000000006,135.43200000000002,4.738
63.521,83.736,,,-69.79899999999999,86.68700000000001,,,5.776,7.085,-14.895999999999999,311.683,-1.352,-4.8839999999999995,-125.45,255.493,3.826,51.387,,,,,,,138.858,254.06400000000002,-47.059,135.465,4.771
63.49,83.182,,,-69.733,86.62200000000001,,,6.199,7.442,-15.025,311.29200000000003,-1.222,-4.689,-125.156,255.329,3.827,51.257,,,,,,,138.762,253.706,-46.961000000000006,135.43200000000002,4.805
63.427,82.66,,,-69.733,86.557,,,6.654,7.831,-15.122,310.934,-1.06,-4.462,-124.86200000000001,255.165,3.86,51.093,,,,,,,138.69799999999998,253.315,-46.928000000000004,135.399,4.837999
63.396,82.10600000000001,,,-69.7,86.524,,,7.142,8.187999999999999,-15.284,310.57599999999996,-0.897,-4.2989999999999995,-124.569,255.00099999999998,3.8930000000000002,50.93,,,,,,,138.634,252.924,-46.895,135.366,4.871
63.36600000000001,81.55199999999999,,,-69.7,86.459,,,7.596,8.578,-15.38,310.153,-0.7030000000000001,-4.039,-124.275,254.83700000000002,3.926,50.832,,,,,,,138.53799999999998,252.5,-46.863,135.333,4.905
63.335,80.998,,,-69.7,86.39399999999999,,,8.051,8.967,-15.509,309.762,-0.508,-3.844,-124.01299999999999,254.641,3.9589999999999996,50.669,,,,,,,138.474,252.11,-46.928000000000004,135.268,4.938000000000001
63.272,80.477,,,-69.7,86.32799999999999,,,8.506,9.357000000000001,-15.605,309.404,-0.28,-3.617,-123.719,254.477,4.025,50.538999999999994,,,,,,,138.41,251.71900000000002,-46.927,135.203,4.972
63.208999999999996,79.891,,,-69.732,86.23100000000001,,,8.961,9.746,-15.702,308.98,-0.08600000000000001,-3.4219999999999997,-123.458,254.28,4.058,50.376000000000005,,,,,,,138.347,251.328,-46.992,135.138,5.005
63.178000000000004,79.337,,,-69.732,86.166,,,9.449,10.168,-15.798,308.622,0.14200000000000002,-3.195,-123.196,254.084,4.091,50.278,,,,,,,138.283,250.937,-47.025,135.041,5.038
63.115,78.75,,,-69.73100000000001,86.1,,,9.904,10.558,-15.894,308.199,0.369,-2.967,-122.902,253.92,4.157,50.147,,,,,,,138.186,250.513,-47.122,134.94299999999998,5.072
63.052,78.164,,,-69.73100000000001,86.035,,,10.390999999999998,10.98,-15.958,307.808,0.596,-2.74,-122.67399999999999,253.75599999999997,4.2219999999999995,50.016999999999996,,,,,,,138.155,250.09,-47.187,134.813,5.105
62.989,77.577,,,-69.73100000000001,85.97,,,10.878,11.402000000000001,-16.055,307.45,0.8240000000000001,-2.513,-122.412,253.55900000000003,4.288,49.886,,,,,,,138.092,249.699,-47.284,134.716,5.138
62.925,76.991,,,-69.73100000000001,85.905,,,11.333,11.790999999999999,-16.118,307.059,1.051,-2.285,-122.15100000000001,253.363,4.353,49.755,,,,,,,138.06,249.275,-47.349,134.586,5.172000000000001
62.895,76.372,,,-69.763,85.87200000000001,,,11.853,12.245999999999999,-16.182000000000002,306.668,1.2790000000000001,-2.123,-121.92200000000001,253.199,4.386,49.657,,,,,,,137.997,248.88400000000001,-47.479,134.45600000000002,5.205
62.832,75.785,,,-69.763,85.807,,,12.341,12.668,-16.279,306.31,1.506,-1.896,-121.661,253.003,4.452,49.527,,,,,,,137.933,248.428,-47.544,134.325,5.2379999999999995
62.769,75.199,,,-69.795,85.775,,,12.828,13.09,-16.343,305.91900000000004,1.733,-1.668,-121.464,252.80599999999998,4.55,49.428999999999995,,,,,,,137.90200000000002,248.005,-47.673,134.196,5.271999
62.673,74.58,,,-69.763,85.742,,,13.315,13.512,-16.406,305.528,1.993,-1.474,-121.20299999999999,252.61,4.583,49.331,,,,,,,137.871,247.581,-47.771,134.033,5.305
62.577,74.02600000000001,,,-69.795,85.709,,,13.802999999999999,13.999,-16.503,305.17,2.221,-1.246,-120.97399999999999,252.446,4.681,49.233000000000004,,,,,,,137.84,247.158,-47.901,133.903,5.339
62.513999999999996,73.44,,,-69.828,85.677,,,14.322000000000001,14.453,-16.567,304.779,2.448,-1.084,-120.713,252.25,4.747,49.167,,,,,,,137.841,246.701,-47.965,133.773,5.372
62.451,72.85300000000001,,,-69.828,85.677,,,14.842,14.908,-16.598,304.42,2.676,-0.857,-120.484,252.08599999999998,4.845,49.068999999999996,,,,,,,137.81,246.278,-48.095,133.643,5.404999999999999
62.388000000000005,72.267,,,-69.828,85.677,,,15.33,15.395,-16.695,304.062,2.903,-0.6950000000000001,-120.22200000000001,251.889,4.91,49.004,,,,,,,137.78,245.78900000000002,-48.192,133.48,5.439
62.292,71.71300000000001,,,-69.86,85.64399999999999,,,15.849,15.849,-16.726,303.704,3.131,-0.467,-120.02600000000001,251.69299999999998,5.008,48.906000000000006,,,,,,,137.748,245.365,-48.29,133.38299999999998,5.4719999999999995
,,,,,,31.517909465464893,156.98575595825432,,,,,,,,,,,,,,,,,,,,,5.493
62.196999999999996,71.15899999999999,,,-69.86,85.64399999999999,,,16.337,16.337,-16.822,303.346,3.326,-0.273,-119.765,251.497,5.074,48.84,,,,,,,137.75,244.90900000000002,-48.387,133.22,5.505
62.166000000000004,70.605,,,-69.893,85.61200000000001,,,16.855999999999998,16.791,-16.854,302.987,3.5860000000000003,-0.078,-119.50299999999999,251.3,5.172000000000001,48.742,,,,,,,137.719,244.485,-48.483999999999995,133.123,5.539
62.103,70.084,,,-69.893,85.61200000000001,,,17.375999999999998,17.311,-16.885,302.629,3.78,0.11699999999999999,-119.307,251.104,5.237,48.677,,,,,,,137.688,243.99599999999998,-48.549,132.993,5.572
62.038999999999994,69.563,,,-69.925,85.645,,,17.928,17.798000000000005,-16.980999999999998,302.27099999999996,4.041,0.312,-119.046,250.907,5.367999999999999,48.611000000000004,,,,,,,137.69,243.54,-48.647,132.895,5.605
61.943000000000005,69.074,,,-69.958,85.61200000000001,,,18.416,18.285,-17.012999999999998,301.91200000000003,4.235,0.506,-118.81700000000001,250.678,5.433,48.545,,,,,,,137.659,243.051,-48.711000000000006,132.765,5.639
61.912,68.585,,,-69.958,85.61200000000001,,,18.968,18.772000000000002,-17.077,301.586,4.495,0.7010000000000001,-118.555,250.482,5.499,48.48,,,,,,,137.661,242.595,-48.809,132.668,5.672
61.881,68.16199999999999,,,-69.99,85.645,,,19.488,19.291,-17.108,301.228,4.723,0.9279999999999999,-118.32600000000001,250.253,5.629,48.413999999999994,,,,,,,137.63,242.106,-48.873999999999995,132.53799999999998,5.706
61.818000000000005,67.706,,,-70.023,85.61200000000001,,,20.04,19.844,-17.205,300.87,4.95,1.091,-118.065,250.05599999999998,5.695,48.349,,,,,,,137.599,241.61700000000002,-48.971000000000004,132.44,5.739000000000001
61.754,67.315,,,-70.023,85.61200000000001,,,20.592,20.33,-17.236,300.51099999999997,5.21,1.285,-117.836,249.827,5.792999999999999,48.251000000000005,,,,,,,137.6,241.16099999999997,-49.036,132.31,5.771999
61.755,66.92399999999999,,,-70.055,85.58,,,21.112,20.85,-17.267,300.153,5.438,1.5130000000000001,-117.64,249.63099999999997,5.858,48.185,,,,,,,137.57,240.672,-49.068000000000005,132.21200000000002,5.806
61.692,66.533,,,-70.12100000000001,85.58,,,21.664,21.401999999999997,-17.364,299.795,5.665,1.675,-117.411,249.40200000000002,5.9239999999999995,48.12,,,,,,,137.571,240.15099999999998,-49.165,132.115,5.839
61.66,66.17399999999999,,,-70.12100000000001,85.58,,,22.215999999999998,21.889,-17.395,299.436,5.893,1.902,-117.182,249.173,6.022,48.022,,,,,,,137.541,239.662,-49.23,131.985,5.872
61.629,65.881,,,-70.153,85.54799999999999,,,22.768,22.441,-17.459,299.111,6.153,2.097,-116.95299999999999,248.94400000000002,6.087000000000001,47.956,,,,,,,137.51,239.173,-49.262,131.887,5.906000000000001
61.63,65.555,,,-70.186,85.515,,,23.320999999999998,22.993000000000002,-17.523,298.72,6.38,2.324,-116.72399999999999,248.715,6.185,47.858000000000004,,,,,,,137.512,238.65200000000002,-49.327,131.757,5.939
61.598,65.262,,,-70.186,85.515,,,23.905,23.513,-17.554000000000002,298.361,6.64,2.519,-116.495,248.486,6.251,47.793,,,,,,,137.513,238.13,-49.424,131.659,5.972999
61.534,65.001,,,-70.218,85.48299999999999,,,24.458000000000002,24.065,-17.651,298.003,6.9,2.779,-116.266,248.257,6.349,47.695,,,,,,,137.483,237.641,-49.489,131.529,6.006
61.47,64.741,,,-70.218,85.41799999999999,,,25.041999999999998,24.584,-17.682000000000002,297.645,7.127000000000001,3.0060000000000002,-116.069,247.99599999999998,6.382000000000001,47.597,,,,,,,137.484,237.12,-49.553999999999995,131.399,6.039
61.438,64.513,,,-70.25,85.385,,,25.594,25.136999999999997,-17.746,297.254,7.387,3.201,-115.87299999999999,247.734,6.48,47.498999999999995,,,,,,,137.519,236.63099999999997,-49.619,131.269,6.073
61.43899999999999,64.317,,,-70.218,85.352,,,26.179000000000002,25.721,-17.777,296.895,7.615,3.428,-115.64399999999999,247.50599999999997,6.546,47.433,,,,,,,137.52100000000002,236.109,-49.716,131.172,6.106
61.373999999999995,64.122,,,-70.25,85.32,,,26.764,26.241,-17.840999999999998,296.505,7.875,3.688,-115.447,247.24400000000003,6.611000000000001,47.303000000000004,,,,,,,137.52200000000002,235.588,-49.781000000000006,131.041,6.139
61.342,63.958999999999996,,,-70.25,85.255,,,27.316,26.793000000000003,-17.905,296.17900000000003,8.102,3.915,-115.251,246.983,6.6770000000000005,47.236999999999995,,,,,,,137.524,235.06599999999997,-49.878,130.944,6.173
61.277,63.82899999999999,,,-70.25,85.255,,,27.901,27.377,-17.969,295.788,8.362,4.175,-115.087,246.75400000000002,6.742000000000001,47.107,,,,,,,137.559,234.512,-49.975,130.781,6.206
61.245,63.666000000000004,,,-70.25,85.19,,,28.518,27.929000000000002,-18.0,295.42900000000003,8.589,4.402,-114.92299999999999,246.46,6.775,47.00899999999999,,,,,,,137.561,233.99099999999999,-50.073,130.684,6.239000000000001
61.213,63.568000000000005,,,-70.217,85.15700000000001,,,29.07,28.480999999999998,-18.031,295.07099999999997,8.849,4.662,-114.726,246.19799999999998,6.841,46.878,,,,,,,137.595,233.502,-50.17,130.52100000000002,6.273
61.181000000000004,63.471000000000004,,,-70.217,85.09200000000001,,,29.655,29.066,-18.095,294.68,9.109,4.922,-114.56200000000001,245.905,6.939,46.78,,,,,,,137.63,232.947,-50.268,130.424,6.306
61.11600000000001,63.406000000000006,,,-70.184,85.059,,,30.272,29.618000000000002,-18.127,294.322,9.302999999999999,5.182,-114.398,245.611,6.972,46.681999999999995,,,,,,,137.664,232.458,-50.397,130.29399999999998,6.34
61.11600000000001,63.34,,,-70.184,84.994,,,30.857,30.201999999999998,-18.19,293.931,9.562999999999999,5.442,-114.234,245.317,7.037999999999999,46.552,,,,,,,137.69899999999998,231.90400000000002,-50.461999999999996,130.164,6.373
61.051,63.276,,,-70.15100000000001,84.961,,,31.409000000000002,30.755,-18.222,293.572,9.758,5.702000000000001,-114.07,245.023,7.071000000000001,46.45399999999999,,,,,,,137.733,231.415,-50.592,130.034,6.406000000000001
61.051,63.276,,,-70.15100000000001,84.896,,,31.993000000000002,31.339000000000002,-18.253,293.214,9.985,5.994,-113.874,244.696,7.136,46.323,,,,,,,137.767,230.861,-50.722,129.904,6.4399999999999995
61.019,63.243,,,-70.085,84.83,,,32.611,31.891,-18.317,292.823,10.245,6.254,-113.742,244.37,7.169,46.225,,,,,,,137.80200000000002,230.372,-50.818999999999996,129.80700000000002,6.472999
60.986000000000004,63.211000000000006,,,-70.053,84.79799999999999,,,33.195,32.476,-18.381,292.497,10.439,6.513999999999999,-113.57799999999999,244.076,7.202000000000001,46.062,,,,,,,137.869,229.85,-50.949,129.67700000000002,6.506
60.95399999999999,63.243,,,-70.02,84.765,,,33.78,33.06,-18.445,292.106,10.667,6.807,-113.447,243.74900000000002,7.235,45.964,,,,,,,137.936,229.328,-51.07899999999999,129.547,6.54
60.95399999999999,63.243,,,-69.987,84.73200000000001,,,34.365,33.645,-18.476,291.748,10.894,7.099,-113.315,243.423,7.268,45.86600000000001,,,,,,,137.938,228.80700000000002,-51.177,129.44899999999998,6.573
60.95399999999999,63.243,,,-69.987,84.667,,,34.949,34.23,-18.507,291.39,11.088,7.359,-113.18299999999999,243.097,7.334,45.736000000000004,,,,,,,138.005,228.285,-51.273999999999994,129.287,6.606
60.92100000000001,63.276,,,-69.954,84.634,,,35.534,34.814,-18.570999999999998,290.999,11.315,7.652,-113.052,242.77,7.367000000000001,45.638000000000005,,,,,,,138.072,227.763,-51.403999999999996,129.157,6.640000000000001
60.92100000000001,63.276,,,-69.889,84.569,,,36.118,35.399,-18.602,290.64,11.543,7.944,-112.92,242.44400000000002,7.432,45.507,,,,,,,138.139,227.24200000000002,-51.501000000000005,129.059,6.673
60.953,63.308,,,-69.85600000000001,84.536,,,36.67,36.016,-18.666,290.249,11.737,8.204,-112.789,242.11700000000002,7.465,45.409,,,,,,,138.173,226.753,-51.598,128.89700000000002,6.707000000000001
60.92100000000001,63.341,,,-69.85600000000001,84.536,,,37.255,36.601,-18.698,289.89099999999996,11.964,8.497,-112.65700000000001,241.791,7.531000000000001,45.278999999999996,,,,,,,138.273,226.263,-51.728,128.767,6.74
60.92100000000001,63.341,,,-69.82300000000001,84.50399999999999,,,37.839,37.185,-18.761,289.5,12.190999999999999,8.79,-112.52600000000001,241.465,7.564,45.181000000000004,,,,,,,138.34,225.74200000000002,-51.793,128.637,6.773
60.953,63.373999999999995,,,-69.791,84.471,,,38.391,37.803000000000004,-18.825,289.17400000000004,12.386,9.05,-112.427,241.171,7.629,45.115,,,,,,,138.407,225.22,-51.89,128.474,6.807
60.953,63.373999999999995,,,-69.758,84.43799999999999,,,38.976,38.387,-18.889,288.783,12.613,9.342,-112.295,240.84400000000002,7.695,44.985,,,,,,,138.474,224.69799999999998,-51.955,128.344,6.84
60.953,63.373999999999995,,,-69.758,84.43799999999999,,,39.528,38.939,-18.953,288.393,12.84,9.635,-112.164,240.518,7.728,44.887,,,,,,,138.541,224.176,-52.052,128.181,6.873
60.986000000000004,63.406000000000006,,,-69.758,84.37299999999999,,,40.08,39.556999999999995,-18.984,288.034,13.067,9.927,-112.065,240.22400000000002,7.792999999999999,44.821000000000005,,,,,,,138.608,223.655,-52.148999999999994,128.019,6.906999000000001
60.986000000000004,63.406000000000006,,,-69.758,84.37299999999999,,,40.665,40.141,-19.048,287.643,13.262,10.187000000000001,-111.96600000000001,239.865,7.859,44.691,,,,,,,138.675,223.13299999999998,-52.214,127.889,6.9399999999999995
60.986000000000004,63.406000000000006,,,-69.725,84.34,,,41.217,40.759,-19.112000000000002,287.252,13.489,10.48,-111.867,239.572,7.9239999999999995,44.625,,,,,,,138.709,222.644,-52.31100000000001,127.726,6.974
60.986000000000004,63.406000000000006,,,-69.725,84.34,,,41.801,41.343,-19.143,286.894,13.716,10.772,-111.801,239.24599999999998,7.957000000000001,44.527,,,,,,,138.776,222.122,-52.409,127.56299999999999,7.007
60.986000000000004,63.406000000000006,,,-69.758,84.30799999999999,,,42.353,41.961000000000006,-19.207,286.503,13.911,11.097999999999999,-111.669,238.919,8.023,44.461999999999996,,,,,,,138.811,221.56799999999998,-52.506,127.40100000000001,7.04
60.986000000000004,63.406000000000006,,,-69.758,84.30799999999999,,,42.938,42.545,-19.271,286.112,14.138,11.39,-111.603,238.593,8.056000000000001,44.364,,,,,,,138.878,221.046,-52.57,127.27,7.074000000000001
60.953,63.43899999999999,,,-69.758,84.30799999999999,,,43.49,43.162,-19.302,285.754,14.332,11.65,-111.50399999999999,238.234,8.121,44.299,,,,,,,138.912,220.55700000000002,-52.635,127.075,7.107
60.953,63.43899999999999,,,-69.758,84.30799999999999,,,44.074,43.747,-19.366,285.363,14.56,11.943,-111.43799999999999,237.908,8.187000000000001,44.233000000000004,,,,,,,138.947,220.003,-52.732,126.913,7.140000000000001
60.92,63.406000000000006,,,-69.79,84.275,,,44.626000000000005,44.364,-19.43,284.972,14.754000000000001,12.203,-111.37100000000001,237.582,8.22,44.135,,,,,,,138.94899999999998,219.481,-52.82899999999999,126.75,7.174
60.888000000000005,63.43899999999999,,,-69.79,84.275,,,45.211000000000006,44.949,-19.493,284.58099999999996,14.981,12.495,-111.272,237.22299999999998,8.22,44.07,,,,,,,138.951,218.96,-52.927,126.587,7.207
60.855,63.407,,,-69.79,84.275,,,45.763000000000005,45.566,-19.59,284.223,15.175999999999998,12.755,-111.206,236.89700000000002,8.285,44.005,,,,,,,139.018,218.438,-53.023999999999994,126.425,7.24
60.79,63.407,,,-69.822,84.243,,,46.315,46.118,-19.654,283.832,15.370999999999999,13.015,-111.139,236.505,8.285,43.94,,,,,,,138.987,217.88400000000001,-53.121,126.262,7.274
60.725,63.407,,,-69.855,84.27600000000001,,,46.867,46.736000000000004,-19.718,283.441,15.597999999999999,13.308,-111.073,236.179,8.318,43.842,,,,,,,138.989,217.363,-53.18600000000001,126.132,7.3069999999999995
60.626999999999995,63.375,,,-69.888,84.243,,,47.451,47.32,-19.781,283.05,15.792,13.568,-111.006,235.78799999999998,8.318999999999999,43.777,,,,,,,138.991,216.84099999999998,-53.25,125.93700000000001,7.341
60.562,63.375,,,-69.888,84.243,,,48.003,47.872,-19.845,282.659,15.987,13.828,-110.94,235.46200000000002,8.352,43.678999999999995,,,,,,,138.993,216.32,-53.347,125.774,7.3740000000000006
,,,,,,61.70747791897532,65.20946785958257,,,,,,,,,,,,,,,,,,,,,7.383
60.464,63.343,,,-69.92,84.27600000000001,,,48.555,48.49,-19.909000000000002,282.268,16.182000000000002,14.088,-110.87299999999999,235.07,8.352,43.613,,,,,,,138.96200000000002,215.766,-53.445,125.611,7.406999
60.333999999999996,63.343,,,-69.953,84.243,,,49.107,49.042,-19.973,281.877,16.344,14.315999999999999,-110.774,234.71099999999998,8.352,43.548,,,,,,,138.899,215.24400000000003,-53.542,125.449,7.441
60.236000000000004,63.31100000000001,,,-69.986,84.27600000000001,,,49.626999999999995,49.626999999999995,-20.069000000000003,281.519,16.570999999999998,14.543,-110.74,234.35299999999998,8.352,43.418,,,,,,,138.901,214.72299999999998,-53.638999999999996,125.286,7.474
,,30.31032672732448,156.98575595825432,,,,,,,,,,,,,,,,,,,,,,,,,7.503
60.106,63.312,,,-70.018,84.244,,,50.178999999999995,50.178999999999995,-20.133,281.128,16.766,14.802999999999999,-110.67399999999999,233.96099999999998,8.32,43.32,,,,,,,138.87,214.169,-53.736000000000004,125.12299999999999,7.507
59.976000000000006,63.312,,,-70.051,84.27600000000001,,,50.731,50.79600000000001,-20.197,280.737,16.96,15.062999999999999,-110.575,233.602,8.32,43.255,,,,,,,138.80700000000002,213.648,-53.801,124.993,7.541
59.845,63.247,,,-70.083,84.244,,,51.283,51.348,-20.261,280.347,17.123,15.290999999999999,-110.541,233.24400000000003,8.288,43.157,,,,,,,138.776,213.09400000000002,-53.898,124.831,7.574000000000001
59.715,63.248000000000005,,,-70.083,84.244,,,51.835,51.9,-20.324,279.95599999999996,17.317,15.550999999999998,-110.44200000000001,232.885,8.256,43.06,,,,,,,138.713,212.572,-53.995,124.66799999999999,7.607
59.552,63.216,,,-70.148,84.244,,,52.321999999999996,52.453,-20.387999999999998,279.565,17.512,15.811,-110.40799999999999,232.52599999999998,8.191,42.995,,,,,,,138.68200000000002,212.018,-54.06,124.538,7.641
59.422,63.151,,,-70.148,84.244,,,52.873999999999995,53.005,-20.484,279.14099999999996,17.674,16.038,-110.309,232.167,8.158999999999999,42.897,,,,,,,138.619,211.497,-54.157,124.375,7.674
59.292,63.151,,,-70.181,84.212,,,53.426,53.556999999999995,-20.548,278.751,17.869,16.299,-110.242,231.77599999999998,8.127,42.799,,,,,,,138.588,210.94299999999998,-54.222,124.245,7.708
59.161,63.086999999999996,,,-70.21300000000001,84.179,,,53.913000000000004,54.108999999999995,-20.645,278.327,18.063,16.559,-110.208,231.417,8.029,42.702,,,,,,,138.525,210.422,-54.318999999999996,124.083,7.7410000000000005
59.031000000000006,63.086999999999996,,,-70.24600000000001,84.147,,,54.465,54.662,-20.708000000000002,277.936,18.225,16.785999999999998,-110.109,231.058,7.997000000000001,42.604,,,,,,,138.461,209.90099999999998,-54.351000000000006,123.92,7.774
58.933,63.055,,,-70.278,84.11399999999999,,,54.985,55.181000000000004,-20.805,277.513,18.453,17.014,-110.07600000000001,230.7,7.932,42.538999999999994,,,,,,,138.398,209.37900000000002,-54.416000000000004,123.79,7.807999
58.836000000000006,63.023,,,-70.278,84.04899999999999,,,55.472,55.733999999999995,-20.901,277.089,18.647000000000002,17.274,-110.009,230.308,7.834,42.442,,,,,,,138.335,208.858,-54.513000000000005,123.62700000000001,7.841
58.706,62.958,,,-70.311,84.016,,,55.992,56.253,-20.997,276.666,18.81,17.500999999999998,-109.975,229.95,7.769,42.376999999999995,,,,,,,138.27100000000002,208.33700000000002,-54.545,123.464,7.8740000000000006
58.608000000000004,62.926,,,-70.31,83.95100000000001,,,56.511,56.773,-21.093000000000004,276.243,19.004,17.761,-109.90899999999999,229.558,7.672000000000001,42.28,,,,,,,138.208,207.815,-54.61,123.334,7.908
58.51,62.893,,,-70.375,83.88600000000001,,,57.031000000000006,57.293,-21.221999999999998,275.78700000000003,19.199,18.021,-109.90700000000001,229.167,7.542000000000001,42.215,,,,,,,138.145,207.294,-54.641999999999996,123.171,7.941
58.413000000000004,62.861000000000004,,,-70.408,83.789,,,57.551,57.812,-21.319000000000003,275.363,19.361,18.249000000000002,-109.84100000000001,228.77599999999998,7.477,42.15,,,,,,,138.049,206.74,-54.674,123.008,7.9750000000000005
58.347,62.861000000000004,,,-70.407,83.723,,,58.038000000000004,58.299,-21.415,274.94,19.523,18.476,-109.839,228.385,7.38,42.052,,,,,,,137.953,206.252,-54.739,122.87799999999999,8.007999
58.25,62.82899999999999,,,-70.44,83.626,,,58.525,58.787,-21.544,274.48400000000004,19.718,18.736,-109.773,227.993,7.249,41.988,,,,,,,137.889,205.731,-54.771,122.715,8.041
58.152,62.797,,,-70.472,83.52799999999999,,,59.012,59.273999999999994,-21.64,274.061,19.913,18.930999999999997,-109.771,227.602,7.152,41.955,,,,,,,137.793,205.24200000000002,-54.803000000000004,122.552,8.075
58.022,62.797,,,-70.50399999999999,83.43,,,59.498999999999995,59.761,-21.769000000000002,273.605,20.075,19.159000000000002,-109.77,227.21099999999998,7.053999999999999,41.858000000000004,,,,,,,137.697,204.753,-54.835,122.389,8.107999
57.924,62.765,,,-70.536,83.26799999999999,,,59.986000000000004,60.248000000000005,-21.865,273.116,20.237000000000002,19.387,-109.70299999999999,226.82,6.9239999999999995,41.793,,,,,,,137.601,204.265,-54.867,122.227,8.141
57.794,62.7,,,-70.568,83.17,,,60.441,60.703,-21.961,272.693,20.399,19.549,-109.70200000000001,226.429,6.8260000000000005,41.761,,,,,,,137.505,203.77599999999998,-54.898999999999994,122.064,8.175
57.663999999999994,62.701,,,-70.633,83.04,,,60.961000000000006,61.157,-22.09,272.237,20.561999999999998,19.776,-109.66799999999999,226.005,6.729,41.663999999999994,,,,,,,137.377,203.255,-54.931000000000004,121.90100000000001,8.208
57.501000000000005,62.669,,,-70.69800000000001,82.91,,,61.416000000000004,61.611999999999995,-22.153000000000002,271.781,20.724,19.939,-109.666,225.614,6.631,41.631,,,,,,,137.281,202.767,-54.93,121.771,8.241
57.338,62.637,,,-70.73,82.74700000000001,,,61.903,62.034,-22.281999999999996,271.325,20.886,20.166,-109.6,225.222,6.501,41.567,,,,,,,137.185,202.278,-54.93,121.575,8.275
57.175,62.605,,,-70.794,82.617,,,62.358000000000004,62.489,-22.410999999999998,270.869,21.048000000000002,20.329,-109.598,224.831,6.404,41.534,,,,,,,137.023,201.79,-54.961999999999996,121.412,8.307998999999999
56.979,62.606,,,-70.892,82.454,,,62.845,62.911,-22.474,270.413,21.178,20.524,-109.564,224.407,6.3389999999999995,41.468999999999994,,,,,,,136.92700000000002,201.301,-54.994,121.249,8.341999999999999
56.751000000000005,62.574,,,-70.92399999999999,82.291,,,63.3,63.365,-22.603,269.95799999999997,21.340999999999998,20.686,-109.49799999999999,224.016,6.2410000000000005,41.437,,,,,,,136.766,200.813,-55.026,121.086,8.375
56.523,62.542,,,-71.021,82.12799999999999,,,63.755,63.755,-22.666999999999998,269.501,21.503,20.849,-109.49600000000001,223.625,6.111000000000001,41.372,,,,,,,136.637,200.357,-55.025,120.891,8.408000000000001
56.295,62.51,,,-71.118,81.96600000000001,,,64.242,64.17699999999999,-22.763,269.078,21.665,21.011,-109.43,223.234,6.013,41.34,,,,,,,136.476,199.86900000000003,-55.056999999999995,120.728,8.441999
56.035,62.446000000000005,,,-71.215,81.803,,,64.697,64.566,-22.859,268.589,21.795,21.141,-109.363,222.842,5.9479999999999995,41.275,,,,,,,136.315,199.38,-55.089,120.565,8.475000000000001
55.773999999999994,62.446999999999996,,,-71.313,81.641,,,65.152,64.956,-22.955,268.166,21.958000000000002,21.303,-109.329,222.418,5.85,41.243,,,,,,,136.154,198.892,-55.088,120.435,8.507999
55.448,62.383,,,-71.41,81.47800000000001,,,65.607,65.345,-23.084,267.71,22.087,21.499000000000002,-109.262,222.02700000000002,5.752999999999999,41.211000000000006,,,,,,,135.993,198.40400000000002,-55.12,120.272,8.541999
55.155,62.351000000000006,,,-71.507,81.315,,,66.062,65.735,-23.147,267.254,22.217,21.628,-109.228,221.60299999999998,5.688,41.146,,,,,,,135.83100000000002,197.915,-55.12,120.07600000000001,8.575
54.82899999999999,62.287,,,-71.604,81.153,,,66.517,66.124,-23.276,266.798,22.38,21.791,-109.162,221.21200000000002,5.558,41.081,,,,,,,135.67,197.42700000000002,-55.152,119.913,8.607999
54.504,62.223,,,-71.70100000000001,80.925,,,66.939,66.48100000000001,-23.34,266.342,22.51,21.921,-109.095,220.82,5.492999999999999,41.016000000000005,,,,,,,135.476,196.97099999999998,-55.184,119.751,8.642
54.145,62.126999999999995,,,-71.798,80.762,,,67.39399999999999,66.87100000000001,-23.469,265.88599999999997,22.671999999999997,22.083000000000002,-109.061,220.39700000000002,5.395,40.983999999999995,,,,,,,135.315,196.483,-55.216,119.588,8.675
53.82,62.063,,,-71.896,80.6,,,67.817,67.22800000000001,-23.565,265.39799999999997,22.802,22.213,-108.994,220.005,5.265,40.919000000000004,,,,,,,135.088,195.995,-55.248000000000005,119.425,8.709
53.461999999999996,61.966,,,-71.992,80.372,,,68.27199999999999,67.55199999999999,-23.693,264.942,22.932,22.343000000000004,-108.96,219.581,5.2,40.854,,,,,,,134.895,195.53900000000002,-55.247,119.295,8.741999
53.071000000000005,61.836999999999996,,,-72.122,80.17699999999999,,,68.694,67.90899999999999,-23.79,264.519,23.061999999999998,22.473000000000003,-108.926,219.158,5.07,40.789,,,,,,,134.701,195.019,-55.278999999999996,119.132,8.775
52.713,61.74100000000001,,,-72.219,79.949,,,69.149,68.234,-23.886,264.03,23.159000000000002,22.635,-108.86,218.766,4.972,40.692,,,,,,,134.474,194.53,-55.31100000000001,118.969,8.809000000000001
52.321999999999996,61.611999999999995,,,-72.28399999999999,79.75399999999999,,,69.605,68.558,-24.014,263.574,23.320999999999998,22.798,-108.82600000000001,218.342,4.842,40.626999999999995,,,,,,,134.248,194.042,-55.343,118.806,8.841999999999999
51.898999999999994,61.515,,,-72.381,79.52600000000001,,,70.027,68.85,-24.11,263.086,23.451,22.928,-108.791,217.918,4.745,40.53,,,,,,,134.054,193.58700000000002,-55.408,118.676,8.875
,,38.76340589430741,153.36300774383304,,,,,,,,,,,,,,,,,,,,,,,,,8.893
